CREATE TABLE Customers (
    CustomerID NUMBER PRIMARY KEY,
    Name VARCHAR2(100),
    DOB DATE,
    Balance NUMBER,
    LastModified DATE,
    IsVIP BOOLEAN DEFAULT FALSE
);

CREATE TABLE Accounts (
    AccountID NUMBER PRIMARY KEY,
    CustomerID NUMBER,
    AccountType VARCHAR2(20),
    Balance NUMBER,
    LastModified DATE,
    FOREIGN KEY (CustomerID) REFERENCES Customers(CustomerID)
);

CREATE TABLE Transactions (
    TransactionID NUMBER PRIMARY KEY,
    AccountID NUMBER,
    TransactionDate DATE,
    Amount NUMBER,
    TransactionType VARCHAR2(10),
    FOREIGN KEY (AccountID) REFERENCES Accounts(AccountID)
);

CREATE TABLE Loans (
    LoanID NUMBER PRIMARY KEY,
    CustomerID NUMBER,
    LoanAmount NUMBER,
    InterestRate NUMBER,
    StartDate DATE,
    EndDate DATE,
    FOREIGN KEY (CustomerID) REFERENCES Customers(CustomerID)
);

CREATE TABLE Employees (
    EmployeeID NUMBER PRIMARY KEY,
    Name VARCHAR2(100),
    Position VARCHAR2(50),
    Salary NUMBER,
    Department VARCHAR2(50),
    HireDate DATE
);

CREATE TABLE AuditLog (
    LogID NUMBER GENERATED BY DEFAULT AS IDENTITY,
    Action VARCHAR2(100),
    LogDate DATE DEFAULT SYSDATE
);

INSERT INTO Customers (CustomerID, Name, DOB, Balance, LastModified, IsVIP) VALUES (1, 'John Doe', TO_DATE('1950-01-15', 'YYYY-MM-DD'), 12000, SYSDATE, FALSE);
INSERT INTO Customers (CustomerID, Name, DOB, Balance, LastModified, IsVIP) VALUES (2, 'Jane Smith', TO_DATE('1990-07-20', 'YYYY-MM-DD'), 8000, SYSDATE, FALSE);
INSERT INTO Customers (CustomerID, Name, DOB, Balance, LastModified, IsVIP) VALUES (3, 'Robert Taylor', TO_DATE('1962-03-05', 'YYYY-MM-DD'), 9500, SYSDATE, FALSE);
INSERT INTO Customers (CustomerID, Name, DOB, Balance, LastModified, IsVIP) VALUES (4, 'Emily Watson', TO_DATE('1980-12-12', 'YYYY-MM-DD'), 15000, SYSDATE, FALSE);
INSERT INTO Customers (CustomerID, Name, DOB, Balance, LastModified, IsVIP) VALUES (5, 'Mark Lee', TO_DATE('1955-11-01', 'YYYY-MM-DD'), 5000, SYSDATE, FALSE);

INSERT INTO Accounts (AccountID, CustomerID, AccountType, Balance, LastModified) VALUES (101, 1, 'Savings', 1000, SYSDATE);
INSERT INTO Accounts (AccountID, CustomerID, AccountType, Balance, LastModified) VALUES (102, 2, 'Checking', 2000, SYSDATE);
INSERT INTO Accounts (AccountID, CustomerID, AccountType, Balance, LastModified) VALUES (103, 3, 'Savings', 3000, SYSDATE);
INSERT INTO Accounts (AccountID, CustomerID, AccountType, Balance, LastModified) VALUES (104, 4, 'Savings', 4000, SYSDATE);
INSERT INTO Accounts (AccountID, CustomerID, AccountType, Balance, LastModified) VALUES (105, 5, 'Checking', 1500, SYSDATE);

INSERT INTO Transactions (TransactionID, AccountID, TransactionDate, Amount, TransactionType) VALUES (1001, 101, SYSDATE, 500, 'Deposit');
INSERT INTO Transactions (TransactionID, AccountID, TransactionDate, Amount, TransactionType) VALUES (1002, 102, SYSDATE, 300, 'Withdrawal');
INSERT INTO Transactions (TransactionID, AccountID, TransactionDate, Amount, TransactionType) VALUES (1003, 103, SYSDATE, 700, 'Deposit');
INSERT INTO Transactions (TransactionID, AccountID, TransactionDate, Amount, TransactionType) VALUES (1004, 104, SYSDATE, 400, 'Withdrawal');
INSERT INTO Transactions (TransactionID, AccountID, TransactionDate, Amount, TransactionType) VALUES (1005, 105, SYSDATE, 250, 'Deposit');

INSERT INTO Loans (LoanID, CustomerID, LoanAmount, InterestRate, StartDate, EndDate) VALUES (201, 1, 10000, 5.0, SYSDATE, ADD_MONTHS(SYSDATE, 60));
INSERT INTO Loans (LoanID, CustomerID, LoanAmount, InterestRate, StartDate, EndDate) VALUES (202, 2, 15000, 4.8, SYSDATE, ADD_MONTHS(SYSDATE, 36));
INSERT INTO Loans (LoanID, CustomerID, LoanAmount, InterestRate, StartDate, EndDate) VALUES (203, 3, 7000, 5.5, SYSDATE, SYSDATE + 10); -- Near due
INSERT INTO Loans (LoanID, CustomerID, LoanAmount, InterestRate, StartDate, EndDate) VALUES (204, 4, 12000, 4.9, SYSDATE, SYSDATE + 20); -- Near due
INSERT INTO Loans (LoanID, CustomerID, LoanAmount, InterestRate, StartDate, EndDate) VALUES (205, 5, 8000, 6.0, SYSDATE, ADD_MONTHS(SYSDATE, 24));

INSERT INTO Employees (EmployeeID, Name, Position, Salary, Department, HireDate) VALUES (301, 'Alice Johnson', 'Manager', 70000, 'HR', TO_DATE('2015-06-15', 'YYYY-MM-DD'));
INSERT INTO Employees (EmployeeID, Name, Position, Salary, Department, HireDate) VALUES (302, 'Bob Brown', 'Developer', 60000, 'IT', TO_DATE('2017-03-20', 'YYYY-MM-DD'));
INSERT INTO Employees (EmployeeID, Name, Position, Salary, Department, HireDate) VALUES (303, 'Chris Green', 'Analyst', 50000, 'Finance', TO_DATE('2020-01-10', 'YYYY-MM-DD'));
INSERT INTO Employees (EmployeeID, Name, Position, Salary, Department, HireDate) VALUES (304, 'Diana White', 'Developer', 58000, 'IT', TO_DATE('2018-09-01', 'YYYY-MM-DD'));
INSERT INTO Employees (EmployeeID, Name, Position, Salary, Department, HireDate) VALUES (305, 'Ethan Black', 'Support', 45000, 'Customer Service', TO_DATE('2019-11-11', 'YYYY-MM-DD'));